,Metric,Value
0,waic,-39638130.918416396
1,loo,-9078229.863069091
