,Metric,Value
0,waic,-40331148.38153413
1,loo,-9062894.369235696
