,Metric,Value
0,waic,-38443540.40519144
1,loo,-9063638.885055225
