,Metric,Value
0,waic,-39250110.43405776
1,loo,-9048989.969280556
