,Metric,Value
0,waic,-31500270.088410575
1,loo,-9089741.977219796
