,Metric,Value
0,waic,-27068014.19911852
1,loo,-9070798.12169653
