,Metric,Value
0,waic,-30975055.17059233
1,loo,-9132532.014680166
