,Metric,Value
0,waic,-29214639.909600683
1,loo,-9129198.64435975
