,Metric,Value
0,waic,-5600947.370154694
1,loo,-1848968.0660841386
