,Metric,Value
0,waic,-7476979.217521921
1,loo,-1960035.3148312462
