,Metric,Value
0,waic,-6275945.535777911
1,loo,-1836147.3253771532
