,Metric,Value
0,waic,-7239740.675898673
1,loo,-2017124.1702032133
