,Metric,Value
0,waic,-2672857.053770717
1,loo,-1451763.3171493676
