,Metric,Value
0,waic,-2840545.479037426
1,loo,-1451033.4374853212
