,Metric,Value
0,waic,-2285621.738353999
1,loo,-1475384.2910369714
