,Metric,Value
0,waic,-2678784.8756842487
1,loo,-1529314.7994589135
