,Metric,Value
0,waic,-24878196.67764044
1,loo,-3806881.6883473783
