,Metric,Value
0,waic,-21743263.679606117
1,loo,-3608763.235718627
