,Metric,Value
0,waic,-21854794.13785564
1,loo,-3619482.775622051
