,Metric,Value
0,waic,-24130499.27687545
1,loo,-3692033.4654547735
