,Metric,Value
0,waic,-41953430.49220886
1,loo,-9008289.299645187
