,Metric,Value
0,waic,-46226678.54398163
1,loo,-8988470.952673083
