,Metric,Value
0,waic,-46819350.26095487
1,loo,-9032349.777266847
