,Metric,Value
0,waic,-48018504.17537323
1,loo,-9059819.21880516
