,Metric,Value
0,waic,-44207308.92160495
1,loo,-9054713.515878558
