,Metric,Value
0,waic,-44511874.30986344
1,loo,-8994023.291794986
