,Metric,Value
0,waic,-45452148.402307145
1,loo,-9046704.42705331
