,Metric,Value
0,waic,-45449736.54303465
1,loo,-9050140.548590273
