,Metric,Value
0,waic,-33147325.72487501
1,loo,-9047660.295791518
