,Metric,Value
0,waic,-34219706.664712444
1,loo,-9099162.0289663
